{
  "tolerances": { "model_tolerance": 0.001 },
  "version_number": 1,
  "breps": [
    {
      "brep_id": 1,
      "faces": [
        {
          "brep_id": 2,
          "swapped_surface_normal": false,
          "surface": {
            "is_trimmed": true,
            "is_rational": true,
            "degrees": [ 2, 1 ],
            "knot_vectors": [
              [ 0, 0, 0, 5.3014376029327757, 5.3014376029327757, 10.602875205865551, 10.602875205865551, 15.904312808798327, 15.904312808798327, 21.205750411731103, 21.205750411731103, 21.205750411731103 ],
              [ 0, 0, 15, 15 ]
            ],
            "control_points": [
              [
                1,
                [ 15, 0, 4.5, 1 ]
              ],
              [
                2,
                [ 15, -3.006803870636845, 4.5, 0.83146961230254524 ]
              ],
              [
                3,
                [ 15, -4.15745789630079, 1.7220754456429042, 1 ]
              ],
              [
                4,
                [ 15, -5.3081119219647359, -1.0558491087141917, 0.83146961230254524 ]
              ],
              [
                5,
                [ 15, -3.1819805153394642, -3.1819805153394638, 1 ]
              ],
              [
                6,
                [ 15, -1.0558491087141939, -5.3081119219647359, 0.83146961230254524 ]
              ],
              [
                7,
                [ 15, 1.7220754456429035, -4.1574578963007909, 1 ]
              ],
              [
                8,
                [ 15, 4.5, -3.006803870636845, 0.83146961230254524 ]
              ],
              [
                9,
                [ 15, 4.5, -8.2663658942446333E-16, 1 ]
              ],
              [
                10,
                [ 30, 0, 4.5, 1 ]
              ],
              [
                11,
                [ 30, -3.006803870636845, 4.5, 0.83146961230254524 ]
              ],
              [
                12,
                [ 30, -4.15745789630079, 1.7220754456429042, 1 ]
              ],
              [
                13,
                [ 30, -5.3081119219647359, -1.0558491087141917, 0.83146961230254524 ]
              ],
              [
                14,
                [ 30, -3.1819805153394642, -3.1819805153394638, 1 ]
              ],
              [
                15,
                [ 30, -1.0558491087141939, -5.3081119219647359, 0.83146961230254524 ]
              ],
              [
                16,
                [ 30, 1.7220754456429035, -4.1574578963007909, 1 ]
              ],
              [
                17,
                [ 30, 4.5, -3.006803870636845, 0.83146961230254524 ]
              ],
              [
                18,
                [ 30, 4.5, -8.2663658942446333E-16, 1 ]
              ]
            ]
          },
          "boundary_loops": [
            {
              "loop_type": "outer",
              "trimming_curves": [
                {
                  "trim_index": 0,
                  "curve_direction": true,
                  "parameter_curve": {
                    "is_rational": false,
                    "degree": 1,
                    "knot_vector": [ 0, 0, 21.205750411731103, 21.205750411731103 ],
                    "active_range": [ 0, 21.205750411731103 ],
                    "control_points": [
                      [
                        19,
                        [ 0, 0, 0, 1 ]
                      ],
                      [
                        20,
                        [ 21.205750411731103, 0, 0, 1 ]
                      ]
                    ]
                  }
                },
                {
                  "trim_index": 1,
                  "curve_direction": true,
                  "parameter_curve": {
                    "is_rational": false,
                    "degree": 1,
                    "knot_vector": [ 0, 0, 15, 15 ],
                    "active_range": [ 0, 15 ],
                    "control_points": [
                      [
                        21,
                        [ 21.205750411731103, 0, 0, 1 ]
                      ],
                      [
                        22,
                        [ 21.205750411731103, 15, 0, 1 ]
                      ]
                    ]
                  }
                },
                {
                  "trim_index": 2,
                  "curve_direction": true,
                  "parameter_curve": {
                    "is_rational": false,
                    "degree": 1,
                    "knot_vector": [ 0, 0, 21.205750411731103, 21.205750411731103 ],
                    "active_range": [ 0, 21.205750411731103 ],
                    "control_points": [
                      [
                        23,
                        [ 21.205750411731103, 15, 0, 1 ]
                      ],
                      [
                        24,
                        [ 0, 15, 0, 1 ]
                      ]
                    ]
                  }
                },
                {
                  "trim_index": 3,
                  "curve_direction": true,
                  "parameter_curve": {
                    "is_rational": false,
                    "degree": 1,
                    "knot_vector": [ 0, 0, 15, 15 ],
                    "active_range": [ 0, 15 ],
                    "control_points": [
                      [
                        25,
                        [ 0, 15, 0, 1 ]
                      ],
                      [
                        26,
                        [ 0, 0, 0, 1 ]
                      ]
                    ]
                  }
                }
              ]
            }
          ],
          "embedded_loops": [],
          "embedded_edges": [],
          "embedded_points": []
        }
      ],
      "edges": [
        {
          "brep_id": 3,
          "3d_curve": {
            "degree": 2,
            "knot_vector": [ 0, 0, 0, 5.3014376029327757, 5.3014376029327757, 10.602875205865551, 10.602875205865551, 15.904312808798327, 15.904312808798327, 21.205750411731103, 21.205750411731103, 21.205750411731103 ],
            "active_range": [ 0, 21.205750411731103 ],
            "control_points": [
              [
                27,
                [ 15, -8.2663658942446333E-16, 4.5, 1 ]
              ],
              [
                28,
                [ 15, -3.006803870636845, 4.5, 0.83146961230254524 ]
              ],
              [
                29,
                [ 15, -4.1574578963007909, 1.7220754456429035, 1 ]
              ],
              [
                30,
                [ 15, -5.3081119219647359, -1.0558491087141939, 0.83146961230254524 ]
              ],
              [
                31,
                [ 15, -3.1819805153394638, -3.1819805153394642, 1 ]
              ],
              [
                32,
                [ 15, -1.0558491087141928, -5.3081119219647359, 0.83146961230254524 ]
              ],
              [
                33,
                [ 15, 1.7220754456429042, -4.15745789630079, 1 ]
              ],
              [
                34,
                [ 15, 4.5, -3.0068038706368441, 0.83146961230254524 ]
              ],
              [
                35,
                [ 15, 4.5, 0, 1 ]
              ]
            ]
          },
          "topology": [
            {
              "brep_id": 2,
              "trim_index": 0,
              "relative_direction": true
            }
          ]
        },
        {
          "brep_id": 4,
          "3d_curve": {
            "degree": 1,
            "knot_vector": [ 0, 0, 15, 15 ],
            "active_range": [ 0, 15 ],
            "control_points": [
              [
                36,
                [ 15, 4.5, 0, 1 ]
              ],
              [
                37,
                [ 30, 4.5, 0, 1 ]
              ]
            ]
          },
          "topology": [
            {
              "brep_id": 2,
              "trim_index": 1,