{
  "tolerances": { "model_tolerance": 0.001 },
  "version_number": 1,
  "breps": [
    {
      "brep_id": 1,
      "faces": [
        {
          "brep_id": 2,
          "swapped_surface_normal": false,
          "surface": {
            "is_trimmed": true,
            "is_rational": true,
            "degrees": [ 2, 1 ],
            "knot_vectors": [
              [ 0, 0, 0, 7.0685834705770345, 7.0685834705770345, 14.137166941154069, 14.137166941154069, 21.205750411731103, 21.205750411731103, 28.274333882308138, 28.274333882308138, 28.274333882308138 ],
              [ 0, 0, 30, 30 ]
            ],
            "control_points": [
              [
                1,
                [ 0, 4.5, 0, 1 ]
              ],
              [
                2,
                [ 0, 4.5, 4.5, 0.70710678118654757 ]
              ],
              [
                3,
                [ 0, 0, 4.5, 1 ]
              ],
              [
                4,
                [ 0, -4.4999999999999991, 4.5, 0.70710678118654757 ]
              ],
              [
                5,
                [ 0, -4.5, 5.51091059616309E-16, 1 ]
              ],
              [
                6,
                [ 0, -4.5, -4.4999999999999991, 0.70710678118654757 ]
              ],
              [
                7,
                [ 0, -8.8817841970012523E-16, -4.5, 1 ]
              ],
              [
                8,
                [ 0, 4.5, -4.5, 0.70710678118654757 ]
              ],
              [
                9,
                [ 0, 4.5, 0, 1 ]
              ],
              [
                10,
                [ 30, 4.5, 0, 1 ]
              ],
              [
                11,
                [ 30, 4.5, 4.5, 0.70710678118654757 ]
              ],
              [
                12,
                [ 30, 0, 4.5, 1 ]
              ],
              [
                13,
                [ 30, -4.4999999999999991, 4.5, 0.70710678118654757 ]
              ],
              [
                14,
                [ 30, -4.5, 5.51091059616309E-16, 1 ]
              ],
              [
                15,
                [ 30, -4.5, -4.4999999999999991, 0.70710678118654757 ]
              ],
              [
                16,
                [ 30, -8.8817841970012523E-16, -4.5, 1 ]
              ],
              [
                17,
                [ 30, 4.5, -4.5, 0.70710678118654757 ]
              ],
              [
                18,
                [ 30, 4.5, 0, 1 ]
              ]
            ]
          },
          "boundary_loops": [
            {
              "loop_type": "outer",
              "trimming_curves": [
                {
                  "trim_index": 0,
                  "curve_direction": true,
                  "parameter_curve": {
                    "is_rational": false,
                    "degree": 1,
                    "knot_vector": [ 7.0685834705770345, 7.0685834705770345, 28.274333882308138, 28.274333882308138 ],
                    "active_range": [ 7.0685834705770345, 28.274333882308138 ],
                    "control_points": [
                      [
                        19,
                        [ 7.0685834705770345, 14.999999999999996, 0, 1 ]
                      ],
                      [
                        20,
                        [ 28.274333882308138, 15, 0, 1 ]
                      ]
                    ]
                  }
                },
                {
                  "trim_index": 1,
                  "curve_direction": true,
                  "parameter_curve": {
                    "is_rational": false,
                    "degree": 1,
                    "knot_vector": [ 15, 15, 30, 30 ],
                    "active_range": [ 15, 30 ],
                    "control_points": [
                      [
                        21,
                        [ 28.274333882308138, 15, 0, 1 ]
                      ],
                      [
                        22,
                        [ 28.274333882308138, 30, 0, 1 ]
                      ]
                    ]
                  }
                },
                {
                  "trim_index": 2,
                  "curve_direction": true,
                  "parameter_curve": {
                    "is_rational": false,
                    "degree": 1,
                    "knot_vector": [ 0, 0, 21.205750411731103, 21.205750411731103 ],
                    "active_range": [ 0, 21.205750411731103 ],
                    "control_points": [
                      [
                        23,
                        [ 28.274333882308138, 30, 0, 1 ]
                      ],
                      [
                        24,
                        [ 7.0685834705770363, 30, 0, 1 ]
                      ]
                    ]
                  }
                },
                {
                  "trim_index": 3,
                  "curve_direction": true,
                  "parameter_curve": {
                    "is_rational": false,
                    "degree": 1,
                    "knot_vector": [ -40, -40, -24.999999999999996, -24.999999999999996 ],
                    "active_range": [ -40, -24.999999999999996 ],
                    "control_points": [
                      [
                        25,
                        [ 7.0685834705770363, 30, 0, 1 ]
                      ],
                      [
                        26,
                        [ 7.0685834705770345, 14.999999999999996, 0, 1 ]
                      ]
                    ]
                  }
                }
              ]
            }
          ],
          "embedded_loops": [],
          "embedded_edges": [],
          "embedded_points": []
        }
      ],
      "edges": [
        {
          "brep_id": 3,
          "3d_curve": {
            "degree": 1,
            "knot_vector": [ 15, 15, 30, 30 ],
            "active_range": [ 15, 30 ],
            "control_points": [
              [
                27,
                [ 14.999999999999996, 4.5, 0, 1 ]
              ],
              [
                28,
                [ 30, 4.5, 0, 1 ]
              ]
            ]
          },
          "topology": [
            {
              "brep_id": 2,
              "trim_index": 1,
              "relative_direction": true
            }
          ]
        },
        {
          "brep_id": 4,
          "3d_curve": {
            "degree": 1,
            "knot_vector": [ 24.999999999999996, 24.999999999999996, 40, 40 ],
            "active_range": [ 24.999999999999996, 40 ],
            "control_points": [
              [
                29,
                [ 15, 0, 4.5, 1 ]
              ],
              [
                30,
                [ 30, 0, 4.5, 1 ]
              ]
            ]
          },
          "topology": [
            {
              "brep_id": 2,
              "trim_index": 3,
              "relative_direction": false
            }
          ]
        },
        {
          "brep_id": 5,
          "3d_curve": {
            "degree": 2,
            "knot_vector": [ 7.0685834705770345, 7.0685834705770345, 7.0685834705770345, 14.137166941154069, 14.137166941154069, 21.205750411731103, 21.205750411731103, 28.274333882308138, 28.274333882308138, 28.274333882308138 ],
            "active_range": [ 7.0685834705770345, 28.274333882308138 ],